{
  "accuracy": 0.9479553903345725,
  "precision": 1.0,
  "recall": 0.8955223880597015,
  "f1_score": 0.9448818897637795,
  "roc_auc": 0.9878938640132671,
  "pr_auc": 0.99045968419833,
  "specificity": 1.0,
  "sensitivity": 0.8955223880597015,
  "false_positive_rate": 0.0,
  "false_negative_rate": 0.1044776119402985,
  "tn": 135,
  "fp": 0,
  "fn": 14,
  "tp": 120,
  "confusion_matrix": [
    [
      135,
      0
    ],
    [
      14,
      120
    ]
  ]
}