,precision,recall,f1-score,support
Normal,0.9510869565217391,0.7478632478632479,0.8373205741626795,234.0
Pneumonia,0.8039867109634552,0.9641434262948207,0.8768115942028986,251.0
accuracy,0.8597938144329897,0.8597938144329897,0.8597938144329897,0.8597938144329897
macro avg,0.8775368337425972,0.8560033370790343,0.8570660841827891,485.0
weighted avg,0.874958788201885,0.8597938144329897,0.8577581948432877,485.0
